{
  "naive": 0.47688659066664624,
  "moving_average": 0.16719014081269848,
  "arima": 0.1379528208624871,
  "sarimax": 0.1337617360129871,
  "lstm": 0.0842087116451809
}